url,ip,mail
youtube.com,244.63.150.20,mollis.nec.cursus@protonmail.net
twitter.com,166.38.157.17,sit@hotmail.edu
guardian.co.uk,61.250.217.31,felis.eget@google.edu
github.com/IIC2233,191.168.5.27,coordinacion.iic2233@gmail.com
nytimes.com,88.224.63.165,enim.etiam@google.couk
ebay.com,162.218.102.41,dui.cum.sociis@yahoo.org
yahoo.com,176.235.167.195,aenean.eget@icloud.com
whatsapp.com,79.173.127.194,diam.luctus.lobortis@icloud.com
pinterest.com,249.223.194.74,aliquam@icloud.com
reddit.com,198.251.52.233,odio.vel.est@aol.edu
cnn.com,231.115.239.1,nibh.vulputate.mauris@google.net
facebook.com,161.149.198.1,eu.ligula@outlook.org
google.com,40.168.55.153,suscipit@icloud.ca
netflix.com,59.232.105.182,dolor.nulla.semper@aol.org
zoom.us,119.245.34.134,nulla.at@yahoo.org
wikipedia.org,72.34.79.16,metus.eu@outlook.org
instagram.com,124.179.194.70,fermentum.vel@aol.couk
naver.com,57.224.251.145,bibendum.fermentum@icloud.net
walmart.com,245.124.63.151,adipiscing.lacus.ut@aol.edu
bbc.co.uk,54.189.72.0,quis@protonmail.ca
baidu.com,77.132.211.73,sapien.nunc@icloud.ca
meetup.com,47.116.212.101,kwoolford0@newyorker.com
tiny.cc,203.171.230.32,mduggon1@youku.com
imageshack.us,67.128.38.207,ghillborne2@jiathis.com
discuz.net,207.163.40.16,hrushworth3@umich.edu
vinaora.com,32.215.51.13,vfinnes4@barnesandnoble.com
over-blog.com,131.202.110.191,sskeldon5@go.com
themeforest.net,144.69.254.105,rsuarez6@hc360.com
a8.net,84.72.180.186,ryushkin7@ebay.com
sogou.com,194.19.109.188,etruder8@a8.net
creativecommons.org,157.167.226.114,kstoggella@uol.com.br
google.com.hk,242.66.214.207,gtregaskisb@google.es
wordpress.com,199.91.75.70,llawrenzc@cmu.edu
joomla.org,56.51.238.241,wbettensond@webeden.co.uk
ehow.com,61.50.93.8,rbrolechane@paypal.com
4shared.com,22.172.145.63,roverstonef@hao123.com
yellowpages.com,219.0.94.210,selmesg@va.gov
va.gov,71.139.181.57,wmougeth@tiny.cc
gov.uk,233.137.221.222,qthurstancei@timesonline.co.uk
yahoo.co.jp,194.50.201.20,bgribbellj@npr.org
google.de,190.180.13.174,witzikk@g.co
soundcloud.com,192.58.145.247,zmacksteadl@ow.ly
furl.net,99.21.45.157,jscatcharm@ft.com
businessinsider.com,204.26.255.87,ocritchelln@cornell.edu
illinois.edu,22.5.49.70,hbaiyleo@digg.com
spotify.com,20.175.244.233,ghouriganp@hud.gov
examiner.com,205.192.92.43,tmelburgq@g.co
wikimedia.org,130.146.192.160,wpostgater@huffingtonpost.com
google.nl,5.146.76.204,bpawlyns@goodreads.com
behance.net,76.212.32.86,asuermeierst@tripod.com
devhub.com,178.97.105.60,cbidewelu@house.gov
issuu.com,92.166.162.209,pdorrancev@rambler.ru
netlog.com,20.146.78.179,fangersteinw@dion.ne.jp
rakuten.co.jp,189.103.104.116,vpattiex@wikimedia.org
springer.com,7.208.136.16,fbutterwickz@guardian.co.uk
nyu.edu,178.238.29.104,lgrund10@slashdot.org
chicagotribune.com,247.66.102.66,wferrieri11@economist.com
squarespace.com,86.23.161.116,jpurslow12@ihg.com
nhs.uk,96.200.219.65,kcharrette13@engadget.com
opensource.org,28.241.64.37,ukealy14@imgur.com
skyrock.com,132.156.202.146,efrossell15@google.com
tumblr.com,104.201.144.5,pmussington16@jiathis.com
netvibes.com,142.189.89.212,lreignolds17@narod.ru
huffingtonpost.com,68.17.237.116,twyley18@yellowbook.com
godaddy.com,153.158.96.123,nmayling19@xinhuanet.com
friendfeed.com,19.179.78.42,ckernaghan1a@a8.net
ucoz.com,243.29.113.10,tbowman1b@aboutads.info
reverbnation.com,34.164.215.207,dinman1c@dion.ne.jp
hc360.com,81.95.52.181,aagastina1d@hatena.ne.jp
jugem.jp,196.163.197.209,rrenzini1e@mashable.com
aol.com,69.218.72.201,crobak1f@nsw.gov.au
cisco.com,83.79.120.41,sbamlet1g@businesswire.com
nps.gov,176.75.223.252,dbaltzar1h@netvibes.com
nsw.gov.au,38.210.78.77,vmathouse1i@pcworld.com
blogtalkradio.com,115.88.62.197,epawnsford1j@freewebs.com
msn.com,223.206.185.96,cziemsen1k@usda.gov
npr.org,163.203.112.89,kedwinson1l@newsvine.com
rediff.com,226.172.168.69,weversley1m@oracle.com
ihg.com,65.111.6.234,ebourrel1n@moonfruit.com
flavors.me,86.54.51.149,aluthwood1p@1688.com
barnesandnoble.com,28.48.122.137,knenci1q@microsoft.com
blogspot.com,143.187.5.169,lfilipovic1r@unicef.org
zimbio.com,89.249.98.28,kbortolomei1s@rakuten.co.jp
chronoengine.com,2.64.45.242,jlevy1t@blogs.com
dedecms.com,171.104.151.10,sireson1u@list-manage.com
ameblo.jp,115.144.233.123,ahaslum1v@google.it
gizmodo.com,237.129.22.224,dfeeney1w@pbs.org
house.gov,168.160.134.182,spetras1x@microsoft.com
usda.gov,103.12.19.78,kcubley1y@go.com
dion.ne.jp,118.57.100.243,jalves1z@goodreads.com
admin.ch,25.234.37.34,rschwerin20@oracle.com
arizona.edu,125.200.165.245,fcomberbeach21@telegraph.co.uk
hostgator.com,98.75.142.251,cnurdin25@mozilla.com
yale.edu,3.190.25.194,evacher26@seattletimes.com
japanpost.jp,113.190.116.48,bdanslow27@illinois.edu
mapquest.com,212.128.208.0,lmacgillicuddy28@twitter.com
about.me,59.126.17.136,gjotcham29@bigcartel.com
feedburner.com,187.38.129.237,emcneillie2a@miibeian.gov.cn
prlog.org,161.8.92.140,gvynoll2c@squarespace.com
last.fm,234.9.35.163,scapnerhurst2d@gov.uk
dagondesign.com,172.224.209.99,shazeman2f@spotify.com
bravesites.com,242.78.200.196,irubega2g@prweb.com
51.la,75.210.202.190,adenys2h@independent.co.uk
wired.com,157.118.237.242,lastling2i@uol.com.br
163.com,251.230.156.13,khulburt2j@arstechnica.com
kickstarter.com,92.230.213.152,gbrennon2k@icq.com
timesonline.co.uk,240.217.57.219,oharrold2l@foxnews.com
forbes.com,246.44.44.231,korrock2n@netscape.com
desdev.cn,221.181.228.174,jfanthom2o@stumbleupon.com
ustream.tv,10.195.218.82,knoel2p@soundcloud.com
google.com.au,71.154.66.1,rjiggins2q@squarespace.com
i2i.jp,161.37.126.66,lshopcott2r@meetup.com